Titre,Entreprise,Localisation,Lien,PubliÃ©,Recrutement
Alternance - DATA ANALYST / SCIENTIST [F/H/X],CELINE,Paris,https://fr.linkedin.com/jobs/view/alternance-data-analyst-scientist-f-h-x-at-celine-4304151196?position=1&pageNum=0&refId=zMMEt66u7snqvgAP6cYj3g%3D%3D&trackingId=S8nmlLk8zOpNf4WDf0ScKw%3D%3D,il y a 3Â jours,
Data Analyst Junior H/F/NB,Silae,Paris,https://fr.linkedin.com/jobs/view/data-analyst-junior-h-f-nb-at-silae-4314100610?position=2&pageNum=0&refId=zMMEt66u7snqvgAP6cYj3g%3D%3D&trackingId=I7g9d%2FjYiTLGPPVoDc6jXg%3D%3D,il y a 1Â jour,
Data Analyst Junior H/F/NB,Silae,Rennes,https://fr.linkedin.com/jobs/view/data-analyst-junior-h-f-nb-at-silae-4313996775?position=3&pageNum=0&refId=zMMEt66u7snqvgAP6cYj3g%3D%3D&trackingId=1u2K%2FizRC2Y9E2n2LPjQ%2FA%3D%3D,il y a 1Â jour,
Data Analyst - User Acquisition,Homa,Paris,https://fr.linkedin.com/jobs/view/data-analyst-user-acquisition-at-homa-4294399462?position=4&pageNum=0&refId=zMMEt66u7snqvgAP6cYj3g%3D%3D&trackingId=bYn9Q%2F6V9Ijsl0tl0OqDwA%3D%3D,il y a 1Â mois,Soyez un des premiers candidats
Data Analyst Internship - Business m/f/d,Deezer,Paris,https://fr.linkedin.com/jobs/view/data-analyst-internship-business-m-f-d-at-deezer-4304970946?position=5&pageNum=0&refId=zMMEt66u7snqvgAP6cYj3g%3D%3D&trackingId=XJurSITVLjc66%2FDEEgx9mg%3D%3D,il y a 3Â semaines,Soyez un des premiers candidats
Data Analyst Junior H/F/NB,Silae,Nantes,https://fr.linkedin.com/jobs/view/data-analyst-junior-h-f-nb-at-silae-4314103531?position=6&pageNum=0&refId=zMMEt66u7snqvgAP6cYj3g%3D%3D&trackingId=fdMKXU5S10dhXKSrdd2e%2Fw%3D%3D,il y a 1Â jour,
Data analyst junior (H/F/X),AVIV Group,Paris,https://fr.linkedin.com/jobs/view/data-analyst-junior-h-f-x-at-aviv-group-4303710603?position=7&pageNum=0&refId=zMMEt66u7snqvgAP6cYj3g%3D%3D&trackingId=5pIcDdawxUvr14ck77qfxA%3D%3D,,
Data Scientist F/H - CDI - Montpellier,Q ENERGY,Avignon,https://fr.linkedin.com/jobs/view/data-scientist-f-h-cdi-montpellier-at-q-energy-4310401375?position=8&pageNum=0&refId=zMMEt66u7snqvgAP6cYj3g%3D%3D&trackingId=4Y3MhnFEBdEaKlyWu8tn4w%3D%3D,il y a 1Â mois,Soyez un des premiers candidats
Data Analyst internship,Procter & Gamble,Paris,https://fr.linkedin.com/jobs/view/data-analyst-internship-at-procter-gamble-4304649935?position=9&pageNum=0&refId=zMMEt66u7snqvgAP6cYj3g%3D%3D&trackingId=7v5kojMYk47%2Bb%2By%2FqAv9Vg%3D%3D,il y a 3Â semaines,
Data Scientist F/H - CDI - Avignon,Q ENERGY,Avignon,https://fr.linkedin.com/jobs/view/data-scientist-f-h-cdi-avignon-at-q-energy-4310181785?position=10&pageNum=0&refId=zMMEt66u7snqvgAP6cYj3g%3D%3D&trackingId=kpOhAUhP4ejikGXF331QZA%3D%3D,il y a 1Â mois,Soyez un des premiers candidats
Data Science Intern,LyonbiopÃ´le Auvergne-RhÃ´ne-Alpes,RhÃ´ne,https://fr.linkedin.com/jobs/view/data-science-intern-at-lyonbiop%C3%B4le-auvergne-rh%C3%B4ne-alpes-4303618458?position=11&pageNum=0&refId=zMMEt66u7snqvgAP6cYj3g%3D%3D&trackingId=OEUK2armcIH44jbAqIub%2Bg%3D%3D,il y a 3Â semaines,
Marketing Support (France),Acqua di Parma,Ville de Paris,https://fr.linkedin.com/jobs/view/marketing-support-france-at-acqua-di-parma-4311442164?position=12&pageNum=0&refId=zMMEt66u7snqvgAP6cYj3g%3D%3D&trackingId=557yCzuOS%2F616AkyLLcI%2BA%3D%3D,il y a 4Â jours,
Marketing Manager - France,Netflix,Paris,https://fr.linkedin.com/jobs/view/marketing-manager-france-at-netflix-4302389966?position=13&pageNum=0&refId=zMMEt66u7snqvgAP6cYj3g%3D%3D&trackingId=xo%2FHx757vC5eS7UF%2BuKgRg%3D%3D,il y a 3Â jours,
Data Analyst Internship - Strategic Partnerships m/f/d,Deezer,Paris,https://fr.linkedin.com/jobs/view/data-analyst-internship-strategic-partnerships-m-f-d-at-deezer-4304988184?position=14&pageNum=0&refId=zMMEt66u7snqvgAP6cYj3g%3D%3D&trackingId=exWRPbJ4eq%2BRrXYyah1%2Faw%3D%3D,il y a 3Â semaines,Soyez un des premiers candidats
Data Analyst â€“ DonnÃ©es des MDPH H/F,Caisse nationale de solidaritÃ© pour l'autonomie,Paris,https://fr.linkedin.com/jobs/view/data-analyst-%E2%80%93-donn%C3%A9es-des-mdph-h-f-at-caisse-nationale-de-solidarit%C3%A9-pour-l-autonomie-4312201243?position=15&pageNum=0&refId=zMMEt66u7snqvgAP6cYj3g%3D%3D&trackingId=fNBrmxMhfAYJe06CIinAwA%3D%3D,il y a 3Â jours,
QUANTITATIVE CONSULTANT INTERN - PARIS,Management Solutions,Ville de Paris,https://fr.linkedin.com/jobs/view/quantitative-consultant-intern-paris-at-management-solutions-4309575453?position=16&pageNum=0&refId=zMMEt66u7snqvgAP6cYj3g%3D%3D&trackingId=HIUwBVDMjMlS2IAEBP9Agg%3D%3D,il y a 1Â semaine,
Data Analyst - Power BI / SQL / Python / Tableau / Tableau Prep H/F,L'Usine Nouvelle,Marseille,https://fr.linkedin.com/jobs/view/data-analyst-power-bi-sql-python-tableau-tableau-prep-h-f-at-l-usine-nouvelle-4150294573?position=17&pageNum=0&refId=zMMEt66u7snqvgAP6cYj3g%3D%3D&trackingId=AldqkmhfxqhAqyUtbBtMrA%3D%3D,il y a 8Â mois,
Data Scientist / Data Analyst (H/F),SÃ©zane,Paris,https://fr.linkedin.com/jobs/view/data-scientist-data-analyst-h-f-at-s%C3%A9zane-4290916992?position=18&pageNum=0&refId=zMMEt66u7snqvgAP6cYj3g%3D%3D&trackingId=%2BvEBB56hqLl5RrDihFWVNQ%3D%3D,il y a 1Â mois,Soyez un des premiers candidats
Game Data Analyst,Homa,France,https://fr.linkedin.com/jobs/view/game-data-analyst-at-homa-4283444166?position=19&pageNum=0&refId=zMMEt66u7snqvgAP6cYj3g%3D%3D&trackingId=shOA1sJh0gNW9LBloDyFeA%3D%3D,il y a 3Â mois,Soyez un des premiers candidats
Stagiaire Media Data - OCTOBER 2025,Loewe,Ville de Paris,https://fr.linkedin.com/jobs/view/stagiaire-media-data-october-2025-at-loewe-4313335881?position=20&pageNum=0&refId=zMMEt66u7snqvgAP6cYj3g%3D%3D&trackingId=lUqEfshnMpOjbv%2BTz3x1Cg%3D%3D,,
Data Scientist -Intern,Descartes Underwriting,Ville de Paris,https://fr.linkedin.com/jobs/view/data-scientist-intern-at-descartes-underwriting-4316349399?position=21&pageNum=0&refId=zMMEt66u7snqvgAP6cYj3g%3D%3D&trackingId=qKrcEaUFsI0naWKbpu9kdg%3D%3D,,
Internship - Data Analyst Assistant (H/F),MoÃ«t Hennessy,Paris,https://fr.linkedin.com/jobs/view/internship-data-analyst-assistant-h-f-at-mo%C3%ABt-hennessy-4304576287?position=22&pageNum=0&refId=zMMEt66u7snqvgAP6cYj3g%3D%3D&trackingId=I%2FB0n%2BzhCc13PYeU78vk6g%3D%3D,il y a 1Â jour,
Data Analyst PI Apprentice,Deezer,Paris,https://fr.linkedin.com/jobs/view/data-analyst-pi-apprentice-at-deezer-4310242313?position=23&pageNum=0&refId=zMMEt66u7snqvgAP6cYj3g%3D%3D&trackingId=fIP0oJdqtme1zCvCUyjtNg%3D%3D,il y a 1Â semaine,Soyez un des premiers candidats
Data Science Graduate,Visa,Paris,https://fr.linkedin.com/jobs/view/data-science-graduate-at-visa-4309790092?position=24&pageNum=0&refId=zMMEt66u7snqvgAP6cYj3g%3D%3D&trackingId=V9848XdNRsWlbOSMP4z9gQ%3D%3D,il y a 1Â jour,
Data Analyst,Resultance,Lille,https://fr.linkedin.com/jobs/view/data-analyst-at-resultance-4306038416?position=25&pageNum=0&refId=zMMEt66u7snqvgAP6cYj3g%3D%3D&trackingId=N%2BvGkOHr7ZTdC9wwiKG7nw%3D%3D,il y a 1Â mois,Soyez un des premiers candidats
Market Research Analyst,JD.COM,Paris et pÃ©riphÃ©rie,https://fr.linkedin.com/jobs/view/market-research-analyst-at-jd-com-4312835263?position=26&pageNum=0&refId=zMMEt66u7snqvgAP6cYj3g%3D%3D&trackingId=AbSGmS6JLsHyF5%2FtgikPvA%3D%3D,il y a 1Â semaine,
Stagiaire Data Scientist,FretBay,Paris,https://fr.linkedin.com/jobs/view/stagiaire-data-scientist-at-fretbay-4156119766?position=27&pageNum=0&refId=zMMEt66u7snqvgAP6cYj3g%3D%3D&trackingId=4LuZvVjQXX4my%2FWMtFOlBA%3D%3D,il y a 8Â mois,
Internship - Data Analyst Assistant TR (H/F),MoÃ«t Hennessy,Paris,https://fr.linkedin.com/jobs/view/internship-data-analyst-assistant-tr-h-f-at-mo%C3%ABt-hennessy-4315246240?position=28&pageNum=0&refId=zMMEt66u7snqvgAP6cYj3g%3D%3D&trackingId=wpMHONszyfrwZfc366oERg%3D%3D,il y a 1Â jour,
Candidature spontanÃ©e,Beanstock,Paris,https://fr.linkedin.com/jobs/view/candidature-spontan%C3%A9e-at-beanstock-4315335855?position=29&pageNum=0&refId=zMMEt66u7snqvgAP6cYj3g%3D%3D&trackingId=aiuysSuQk4tMVAsQ2%2BhGrg%3D%3D,il y a 2Â jours,
Data Scientist Junior - Energie,MP DATA,Paris,https://fr.linkedin.com/jobs/view/data-scientist-junior-energie-at-mp-data-4312992414?position=30&pageNum=0&refId=zMMEt66u7snqvgAP6cYj3g%3D%3D&trackingId=CB6deWTFeKRPG0W8H2GSzg%3D%3D,il y a 1Â semaine,
CDI - Business Analyst (H/F),Parfums Christian Dior,Paris,https://fr.linkedin.com/jobs/view/cdi-business-analyst-h-f-at-parfums-christian-dior-4312085643?position=31&pageNum=0&refId=zMMEt66u7snqvgAP6cYj3g%3D%3D&trackingId=DzdFy%2F9Rt07d%2Fa%2FxX0jnhQ%3D%3D,il y a 1Â semaine,
Data Analyst,Ornikar,Paris,https://fr.linkedin.com/jobs/view/data-analyst-at-ornikar-4308272824?position=32&pageNum=0&refId=zMMEt66u7snqvgAP6cYj3g%3D%3D&trackingId=9Y9gM5Up6j0tNxqX3E6zDw%3D%3D,il y a 2Â semaines,
Digital Strategy Consultant,Boston Consulting Group (BCG),Paris,https://fr.linkedin.com/jobs/view/digital-strategy-consultant-at-boston-consulting-group-bcg-4314655090?position=33&pageNum=0&refId=zMMEt66u7snqvgAP6cYj3g%3D%3D&trackingId=qEoy3PwG9cSDASkHlas2tQ%3D%3D,il y a 3Â jours,
Candidature SpontanÃ©e,Spartes,Paris,https://fr.linkedin.com/jobs/view/candidature-spontan%C3%A9e-at-spartes-4311870452?position=34&pageNum=0&refId=zMMEt66u7snqvgAP6cYj3g%3D%3D&trackingId=g%2FZDpAU8WcyHmA%2BbQllwEA%3D%3D,il y a 1Â semaine,
Data scientist,Apside Suisse ðŸš€,Sophia Antipolis,https://fr.linkedin.com/jobs/view/data-scientist-at-apside-switzerland-4138352301?position=35&pageNum=0&refId=zMMEt66u7snqvgAP6cYj3g%3D%3D&trackingId=JirAkHZrU6kiHU2Tg2zTkw%3D%3D,il y a 8Â mois,
MACHINE LEARNING RESEARCH INTERN,STATION F,Paris,https://fr.linkedin.com/jobs/view/machine-learning-research-intern-at-station-f-4313185668?position=36&pageNum=0&refId=zMMEt66u7snqvgAP6cYj3g%3D%3D&trackingId=NYU0PpdreUksWGqLjA2lFg%3D%3D,il y a 6Â jours,
Data Analyst H/F,Dalkia,Saint-AndrÃ©-lez-Lille,https://fr.linkedin.com/jobs/view/data-analyst-h-f-at-dalkia-4315227922?position=37&pageNum=0&refId=zMMEt66u7snqvgAP6cYj3g%3D%3D&trackingId=l2L3Mt7C%2BQmaFgOfmXQVxA%3D%3D,il y a 1Â jour,
DATA ENGINEER,RED TIC,Paris,https://fr.linkedin.com/jobs/view/data-engineer-at-red-tic-4310810481?position=38&pageNum=0&refId=zMMEt66u7snqvgAP6cYj3g%3D%3D&trackingId=rar4ymHk%2FWfDst%2B9ZmY8gQ%3D%3D,il y a 1Â semaine,
EXPERT DATA ANALYST,RED TIC,Paris,https://fr.linkedin.com/jobs/view/expert-data-analyst-at-red-tic-4310814368?position=39&pageNum=0&refId=zMMEt66u7snqvgAP6cYj3g%3D%3D&trackingId=ErB1cbiINpAd44wjvnU0sQ%3D%3D,il y a 1Â semaine,
Data Analyst,AXA,Paris,https://fr.linkedin.com/jobs/view/data-analyst-at-axa-4314404094?position=40&pageNum=0&refId=zMMEt66u7snqvgAP6cYj3g%3D%3D&trackingId=kZvHVYLU5D9EHfSRuJeB4Q%3D%3D,il y a 4Â jours,
Consultant Data (H/F),Magellan Partners,Toulouse,https://fr.linkedin.com/jobs/view/consultant-data-h-f-at-magellan-partners-4288834977?position=41&pageNum=0&refId=zMMEt66u7snqvgAP6cYj3g%3D%3D&trackingId=3KNc%2F36rwWyl2wv6zjTtdQ%3D%3D,il y a 1Â mois,
Data Analyst F/H,ARMOR LUX,Quimper,https://fr.linkedin.com/jobs/view/data-analyst-f-h-at-armor-lux-4277224494?position=42&pageNum=0&refId=zMMEt66u7snqvgAP6cYj3g%3D%3D&trackingId=i1ovm0JUhhchFdKsjxi4Yw%3D%3D,il y a 2Â mois,
Data Analyst - Industrie F/H,OET,Betton,https://fr.linkedin.com/jobs/view/data-analyst-industrie-f-h-at-oet-4310187746?position=43&pageNum=0&refId=zMMEt66u7snqvgAP6cYj3g%3D%3D&trackingId=G8hUdFzs5VGN2hpFV5NjGg%3D%3D,il y a 2Â semaines,
Data Analyst,Datatorii,Paris et pÃ©riphÃ©rie,https://fr.linkedin.com/jobs/view/data-analyst-at-datatorii-4310204009?position=44&pageNum=0&refId=zMMEt66u7snqvgAP6cYj3g%3D%3D&trackingId=rSRYqTL%2B4uzqPTdIjxHi7Q%3D%3D,il y a 1Â semaine,
Data Analyst Intern,Joko,Paris,https://fr.linkedin.com/jobs/view/data-analyst-intern-at-joko-4311158799?position=45&pageNum=0&refId=zMMEt66u7snqvgAP6cYj3g%3D%3D&trackingId=Op%2FOHU%2BTvEwHpshrCSMs4g%3D%3D,il y a 1Â semaine,
R&D Data Scientist - CDI,Descartes Underwriting,Paris,https://fr.linkedin.com/jobs/view/r-d-data-scientist-cdi-at-descartes-underwriting-4304081206?position=46&pageNum=0&refId=zMMEt66u7snqvgAP6cYj3g%3D%3D&trackingId=%2B5NhcRQeqzXqIt21voioOw%3D%3D,il y a 3Â semaines,
Data Analyst,AXA,Paris,https://fr.linkedin.com/jobs/view/data-analyst-at-axa-4314199356?position=47&pageNum=0&refId=zMMEt66u7snqvgAP6cYj3g%3D%3D&trackingId=kdo%2FxgiAP50l0W0fisbfDA%3D%3D,il y a 4Â jours,
EMAT Data Analyst,PIPECARE Group,France,https://fr.linkedin.com/jobs/view/emat-data-analyst-at-pipecare-group-4278576975?position=48&pageNum=0&refId=zMMEt66u7snqvgAP6cYj3g%3D%3D&trackingId=P3%2FmszlDqM07xHNAWmLTZg%3D%3D,il y a 2Â mois,
Stage - Data Scientist - ML (H/F),Withings,Issy-les-Moulineaux,https://fr.linkedin.com/jobs/view/stage-data-scientist-ml-h-f-at-withings-4305991144?position=49&pageNum=0&refId=zMMEt66u7snqvgAP6cYj3g%3D%3D&trackingId=%2FfaxUjlOgNw%2FnTAcNNAMNQ%3D%3D,il y a 3Â semaines,Soyez un des premiers candidats
Data Science Consultant Intern (H/F),fifty-five,Paris,https://fr.linkedin.com/jobs/view/data-science-consultant-intern-h-f-at-fifty-five-4316347258?position=50&pageNum=0&refId=zMMEt66u7snqvgAP6cYj3g%3D%3D&trackingId=now%2BCRsvXFDUgilpKct%2FNg%3D%3D,il y a 3Â semaines,Soyez un des premiers candidats
DATA ANALYST â€“ TEMPS PLEIN H/F,POK SAS,Salignac,https://fr.linkedin.com/jobs/view/data-analyst-%E2%80%93-temps-plein-h-f-at-pok-sas-4310726985?position=51&pageNum=0&refId=zMMEt66u7snqvgAP6cYj3g%3D%3D&trackingId=o%2F%2Br6MEhp%2B%2FDiPUMZASbPw%3D%3D,il y a 1Â semaine,
Data Analyst Power BI,WHIZE,Neuilly-sur-Seine,https://fr.linkedin.com/jobs/view/data-analyst-power-bi-at-whize-4316355120?position=52&pageNum=0&refId=zMMEt66u7snqvgAP6cYj3g%3D%3D&trackingId=0zsrh9cgZtinBplWBJGKiw%3D%3D,,
Finance Analyst - Internship,Homa,Paris,https://fr.linkedin.com/jobs/view/finance-analyst-internship-at-homa-4299118785?position=53&pageNum=0&refId=zMMEt66u7snqvgAP6cYj3g%3D%3D&trackingId=pNr4%2BdhtR%2BcN4p0XgwIJWg%3D%3D,il y a 2Â mois,Soyez un des premiers candidats
Stage - Data Analysis,Stellantis,Poissy,https://fr.linkedin.com/jobs/view/stage-data-analysis-at-stellantis-4153856226?position=54&pageNum=0&refId=zMMEt66u7snqvgAP6cYj3g%3D%3D&trackingId=b9U9%2B%2FnxIqyKr28R9kwkVw%3D%3D,il y a 2Â semaines,
Data Analyst | CDI | H/F,Eulidia,Paris et pÃ©riphÃ©rie,https://fr.linkedin.com/jobs/view/data-analyst-cdi-h-f-at-eulidia-4302953939?position=55&pageNum=0&refId=zMMEt66u7snqvgAP6cYj3g%3D%3D&trackingId=NLvC2tT2OZ1Ok9SB4AH0sw%3D%3D,il y a 3Â semaines,
DATA SCRAPER,Meds Nexus Pvt. Ltd.,Cahors,https://fr.linkedin.com/jobs/view/data-scraper-at-meds-nexus-pvt-ltd-4074576519?position=56&pageNum=0&refId=zMMEt66u7snqvgAP6cYj3g%3D%3D&trackingId=xKu%2F6N0UAi3lC0LzKIiVtQ%3D%3D,il y a 11Â mois,
Sales Support Executive,Malaysia Airlines,Ville de Paris,https://fr.linkedin.com/jobs/view/sales-support-executive-at-malaysia-airlines-4302637527?position=57&pageNum=0&refId=zMMEt66u7snqvgAP6cYj3g%3D%3D&trackingId=X6n6bUQLgNL%2F4E%2F3ZL2Edw%3D%3D,il y a 2Â semaines,
Data Analyst H/F,CAPFI,Paris,https://fr.linkedin.com/jobs/view/data-analyst-h-f-at-capfi-groupe-4173938496?position=58&pageNum=0&refId=zMMEt66u7snqvgAP6cYj3g%3D%3D&trackingId=IyVq6IKZUk6JZ2gmCNO8PQ%3D%3D,il y a 7Â mois,
Chef de publicitÃ© digital - TF1 PUB H/F,Groupe TF1,Boulogne-Billancourt,https://fr.linkedin.com/jobs/view/chef-de-publicit%C3%A9-digital-tf1-pub-h-f-at-groupe-tf1-4313244365?position=59&pageNum=0&refId=zMMEt66u7snqvgAP6cYj3g%3D%3D&trackingId=VxcQ2Vd9ESftPtQtPA%2BldA%3D%3D,il y a 1Â semaine,
Data Analyst,Apside Suisse ðŸš€,Sophia Antipolis,https://fr.linkedin.com/jobs/view/data-analyst-at-apside-switzerland-4138347582?position=60&pageNum=0&refId=zMMEt66u7snqvgAP6cYj3g%3D%3D&trackingId=bmkBq2M05gWh8OVlc%2FA%2FYQ%3D%3D,il y a 8Â mois,
Alternance - DATA ANALYST / SCIENTIST [F/H/X],CELINE,Paris,https://fr.linkedin.com/jobs/view/alternance-data-analyst-scientist-f-h-x-at-celine-4304151196?position=1&pageNum=0&refId=9av7udYtYxpZbUKIxF1mBQ%3D%3D&trackingId=sJlgOKLPa8J%2FowDyspHBwQ%3D%3D,il y a 3Â jours,Recrutement actif
Data Analyst Junior H/F/NB,Silae,Paris,https://fr.linkedin.com/jobs/view/data-analyst-junior-h-f-nb-at-silae-4314100610?position=2&pageNum=0&refId=9av7udYtYxpZbUKIxF1mBQ%3D%3D&trackingId=FPIYrMqShwYPTlPyiyo%2FeQ%3D%3D,il y a 1Â jour,
Data Analyst Junior H/F/NB,Silae,Rennes,https://fr.linkedin.com/jobs/view/data-analyst-junior-h-f-nb-at-silae-4313996775?position=3&pageNum=0&refId=9av7udYtYxpZbUKIxF1mBQ%3D%3D&trackingId=vRl6PS8mASyh88ojMmmtnQ%3D%3D,il y a 1Â jour,
Data Analyst - User Acquisition,Homa,Paris,https://fr.linkedin.com/jobs/view/data-analyst-user-acquisition-at-homa-4294399462?position=4&pageNum=0&refId=9av7udYtYxpZbUKIxF1mBQ%3D%3D&trackingId=uj%2BRDTwtKcfsm49v7GtyqQ%3D%3D,il y a 1Â mois,Soyez un des premiers candidats
Data Analyst Internship - Business m/f/d,Deezer,Paris,https://fr.linkedin.com/jobs/view/data-analyst-internship-business-m-f-d-at-deezer-4304970946?position=5&pageNum=0&refId=9av7udYtYxpZbUKIxF1mBQ%3D%3D&trackingId=D2rLI1rNXit4ExbUhS1mBA%3D%3D,il y a 3Â semaines,Soyez un des premiers candidats
Data Analyst Junior H/F/NB,Silae,Nantes,https://fr.linkedin.com/jobs/view/data-analyst-junior-h-f-nb-at-silae-4314103531?position=6&pageNum=0&refId=9av7udYtYxpZbUKIxF1mBQ%3D%3D&trackingId=o%2FQ%2FcbqZNox5F6TxOEnxsQ%3D%3D,il y a 1Â jour,
Data analyst junior (H/F/X),AVIV Group,Paris,https://fr.linkedin.com/jobs/view/data-analyst-junior-h-f-x-at-aviv-group-4303710603?position=7&pageNum=0&refId=9av7udYtYxpZbUKIxF1mBQ%3D%3D&trackingId=W1bYC7jo%2F%2Fdaf4tiXtIj1g%3D%3D,,
Data Scientist F/H - CDI - Montpellier,Q ENERGY,Avignon,https://fr.linkedin.com/jobs/view/data-scientist-f-h-cdi-montpellier-at-q-energy-4310401375?position=8&pageNum=0&refId=9av7udYtYxpZbUKIxF1mBQ%3D%3D&trackingId=jgofQqoyzo81RJDwS4EetA%3D%3D,il y a 1Â mois,Soyez un des premiers candidats
Data Analyst internship,Procter & Gamble,Paris,https://fr.linkedin.com/jobs/view/data-analyst-internship-at-procter-gamble-4304649935?position=9&pageNum=0&refId=9av7udYtYxpZbUKIxF1mBQ%3D%3D&trackingId=%2FGbx1QVHD7T0Sc6vS11JXg%3D%3D,il y a 3Â semaines,Recrutement actif
Data Scientist F/H - CDI - Avignon,Q ENERGY,Avignon,https://fr.linkedin.com/jobs/view/data-scientist-f-h-cdi-avignon-at-q-energy-4310181785?position=10&pageNum=0&refId=9av7udYtYxpZbUKIxF1mBQ%3D%3D&trackingId=UzfSZ3w5EKJ37%2BhwB4xGXg%3D%3D,il y a 1Â mois,Soyez un des premiers candidats
Data Science Intern,LyonbiopÃ´le Auvergne-RhÃ´ne-Alpes,RhÃ´ne,https://fr.linkedin.com/jobs/view/data-science-intern-at-lyonbiop%C3%B4le-auvergne-rh%C3%B4ne-alpes-4303618458?position=11&pageNum=0&refId=9av7udYtYxpZbUKIxF1mBQ%3D%3D&trackingId=DGsjX3Ysj0FsEkq69ABdXQ%3D%3D,il y a 3Â semaines,
Marketing Support (France),Acqua di Parma,Ville de Paris,https://fr.linkedin.com/jobs/view/marketing-support-france-at-acqua-di-parma-4311442164?position=12&pageNum=0&refId=9av7udYtYxpZbUKIxF1mBQ%3D%3D&trackingId=Wm8dWHO3mJUz1QN7HSHWvw%3D%3D,il y a 4Â jours,Recrutement actif
Marketing Manager - France,Netflix,Paris,https://fr.linkedin.com/jobs/view/marketing-manager-france-at-netflix-4302389966?position=13&pageNum=0&refId=9av7udYtYxpZbUKIxF1mBQ%3D%3D&trackingId=DQNCFF8qogG%2FvV8hsEGtFw%3D%3D,il y a 3Â jours,Recrutement actif
Data Analyst Internship - Strategic Partnerships m/f/d,Deezer,Paris,https://fr.linkedin.com/jobs/view/data-analyst-internship-strategic-partnerships-m-f-d-at-deezer-4304988184?position=14&pageNum=0&refId=9av7udYtYxpZbUKIxF1mBQ%3D%3D&trackingId=1bQEZyFiek9x3OAyhc3l%2Fg%3D%3D,il y a 3Â semaines,Soyez un des premiers candidats
Data Analyst â€“ DonnÃ©es des MDPH H/F,Caisse nationale de solidaritÃ© pour l'autonomie,Paris,https://fr.linkedin.com/jobs/view/data-analyst-%E2%80%93-donn%C3%A9es-des-mdph-h-f-at-caisse-nationale-de-solidarit%C3%A9-pour-l-autonomie-4312201243?position=15&pageNum=0&refId=9av7udYtYxpZbUKIxF1mBQ%3D%3D&trackingId=xjkcv43PJ1N1MzYNNSLMaw%3D%3D,il y a 3Â jours,
QUANTITATIVE CONSULTANT INTERN - PARIS,Management Solutions,Ville de Paris,https://fr.linkedin.com/jobs/view/quantitative-consultant-intern-paris-at-management-solutions-4309575453?position=16&pageNum=0&refId=9av7udYtYxpZbUKIxF1mBQ%3D%3D&trackingId=ardzDvb%2FNhBDBlxXVtggfA%3D%3D,il y a 1Â semaine,Recrutement actif
Data Analyst - Power BI / SQL / Python / Tableau / Tableau Prep H/F,L'Usine Nouvelle,Marseille,https://fr.linkedin.com/jobs/view/data-analyst-power-bi-sql-python-tableau-tableau-prep-h-f-at-l-usine-nouvelle-4150294573?position=17&pageNum=0&refId=9av7udYtYxpZbUKIxF1mBQ%3D%3D&trackingId=q6hqbBtIcsuv9uAF2AMdrg%3D%3D,il y a 8Â mois,
Data Scientist / Data Analyst (H/F),SÃ©zane,Paris,https://fr.linkedin.com/jobs/view/data-scientist-data-analyst-h-f-at-s%C3%A9zane-4290916992?position=18&pageNum=0&refId=9av7udYtYxpZbUKIxF1mBQ%3D%3D&trackingId=AL6Sb8EVAIp1ikXCbZicLA%3D%3D,il y a 1Â mois,Soyez un des premiers candidats
Game Data Analyst,Homa,France,https://fr.linkedin.com/jobs/view/game-data-analyst-at-homa-4283444166?position=19&pageNum=0&refId=9av7udYtYxpZbUKIxF1mBQ%3D%3D&trackingId=g8gzP5eYn%2BMEyCKw7udO8w%3D%3D,il y a 3Â mois,Soyez un des premiers candidats
Stagiaire Media Data - OCTOBER 2025,Loewe,Ville de Paris,https://fr.linkedin.com/jobs/view/stagiaire-media-data-october-2025-at-loewe-4313335881?position=20&pageNum=0&refId=9av7udYtYxpZbUKIxF1mBQ%3D%3D&trackingId=J6nKeT6cjDVtosfCnJFehQ%3D%3D,,Recrutement actif
Data Scientist -Intern,Descartes Underwriting,Ville de Paris,https://fr.linkedin.com/jobs/view/data-scientist-intern-at-descartes-underwriting-4316349399?position=21&pageNum=0&refId=9av7udYtYxpZbUKIxF1mBQ%3D%3D&trackingId=Q20M%2FG%2BdQcHL%2FoadHVrG1Q%3D%3D,,Recrutement actif
Internship - Data Analyst Assistant (H/F),MoÃ«t Hennessy,Paris,https://fr.linkedin.com/jobs/view/internship-data-analyst-assistant-h-f-at-mo%C3%ABt-hennessy-4304576287?position=22&pageNum=0&refId=9av7udYtYxpZbUKIxF1mBQ%3D%3D&trackingId=U1ccOE0cp4vYmWNNuUhtfw%3D%3D,il y a 1Â jour,Recrutement actif
Data Analyst PI Apprentice,Deezer,Paris,https://fr.linkedin.com/jobs/view/data-analyst-pi-apprentice-at-deezer-4310242313?position=23&pageNum=0&refId=9av7udYtYxpZbUKIxF1mBQ%3D%3D&trackingId=eHSLoSBSWEcqZ1KsibdKtw%3D%3D,il y a 1Â semaine,Soyez un des premiers candidats
Data Science Graduate,Visa,Paris,https://fr.linkedin.com/jobs/view/data-science-graduate-at-visa-4309790092?position=24&pageNum=0&refId=9av7udYtYxpZbUKIxF1mBQ%3D%3D&trackingId=FDZTk%2F%2F4aQa8asG52BapDQ%3D%3D,il y a 1Â jour,Recrutement actif
Data Analyst,Resultance,Lille,https://fr.linkedin.com/jobs/view/data-analyst-at-resultance-4306038416?position=25&pageNum=0&refId=9av7udYtYxpZbUKIxF1mBQ%3D%3D&trackingId=S5ghSHeQZAJhr5aeM6NATQ%3D%3D,il y a 1Â mois,Soyez un des premiers candidats
Market Research Analyst,JD.COM,Paris et pÃ©riphÃ©rie,https://fr.linkedin.com/jobs/view/market-research-analyst-at-jd-com-4312835263?position=26&pageNum=0&refId=9av7udYtYxpZbUKIxF1mBQ%3D%3D&trackingId=x%2FdWuBi%2FNm2oOdFnfkWL6w%3D%3D,il y a 1Â semaine,Recrutement actif
Stagiaire Data Scientist,FretBay,Paris,https://fr.linkedin.com/jobs/view/stagiaire-data-scientist-at-fretbay-4156119766?position=27&pageNum=0&refId=9av7udYtYxpZbUKIxF1mBQ%3D%3D&trackingId=z8mFo3wRcSZ%2BbZZlMoPciw%3D%3D,il y a 8Â mois,
Internship - Data Analyst Assistant TR (H/F),MoÃ«t Hennessy,Paris,https://fr.linkedin.com/jobs/view/internship-data-analyst-assistant-tr-h-f-at-mo%C3%ABt-hennessy-4315246240?position=28&pageNum=0&refId=9av7udYtYxpZbUKIxF1mBQ%3D%3D&trackingId=M0JaC5ZMvHDRFf9bUsUtZA%3D%3D,il y a 1Â jour,Recrutement actif
Candidature spontanÃ©e,Beanstock,Paris,https://fr.linkedin.com/jobs/view/candidature-spontan%C3%A9e-at-beanstock-4315335855?position=29&pageNum=0&refId=9av7udYtYxpZbUKIxF1mBQ%3D%3D&trackingId=z0mnPRflRj4wtnJoilgUIw%3D%3D,il y a 2Â jours,
Data Scientist Junior - Energie,MP DATA,Paris,https://fr.linkedin.com/jobs/view/data-scientist-junior-energie-at-mp-data-4312992414?position=30&pageNum=0&refId=9av7udYtYxpZbUKIxF1mBQ%3D%3D&trackingId=wzwIgBOhd%2BB4Aq0qa6DVVg%3D%3D,il y a 1Â semaine,Recrutement actif
CDI - Business Analyst (H/F),Parfums Christian Dior,Paris,https://fr.linkedin.com/jobs/view/cdi-business-analyst-h-f-at-parfums-christian-dior-4312085643?position=31&pageNum=0&refId=9av7udYtYxpZbUKIxF1mBQ%3D%3D&trackingId=mxO%2BMbDBWubIJkbSw5mLFQ%3D%3D,il y a 1Â semaine,Recrutement actif
Data Analyst,Ornikar,Paris,https://fr.linkedin.com/jobs/view/data-analyst-at-ornikar-4308272824?position=32&pageNum=0&refId=9av7udYtYxpZbUKIxF1mBQ%3D%3D&trackingId=GfFGsrFJZQCWBBu5IBqZKw%3D%3D,il y a 2Â semaines,Recrutement actif
Digital Strategy Consultant,Boston Consulting Group (BCG),Paris,https://fr.linkedin.com/jobs/view/digital-strategy-consultant-at-boston-consulting-group-bcg-4314655090?position=33&pageNum=0&refId=9av7udYtYxpZbUKIxF1mBQ%3D%3D&trackingId=yWi3Y1Faxb3YD9f%2B4eZ4cQ%3D%3D,il y a 3Â jours,Recrutement actif
Candidature SpontanÃ©e,Spartes,Paris,https://fr.linkedin.com/jobs/view/candidature-spontan%C3%A9e-at-spartes-4311870452?position=34&pageNum=0&refId=9av7udYtYxpZbUKIxF1mBQ%3D%3D&trackingId=irj9QQHEAZ5itXH%2FKN8AmA%3D%3D,il y a 1Â semaine,
Data scientist,Apside Suisse ðŸš€,Sophia Antipolis,https://fr.linkedin.com/jobs/view/data-scientist-at-apside-switzerland-4138352301?position=35&pageNum=0&refId=9av7udYtYxpZbUKIxF1mBQ%3D%3D&trackingId=StacW%2Bi6v5PeiniQhEuD0w%3D%3D,il y a 8Â mois,Recrutement actif
MACHINE LEARNING RESEARCH INTERN,STATION F,Paris,https://fr.linkedin.com/jobs/view/machine-learning-research-intern-at-station-f-4313185668?position=36&pageNum=0&refId=9av7udYtYxpZbUKIxF1mBQ%3D%3D&trackingId=nggOugbwrm%2FedcPrMd82fg%3D%3D,il y a 6Â jours,
Data Analyst H/F,Dalkia,Saint-AndrÃ©-lez-Lille,https://fr.linkedin.com/jobs/view/data-analyst-h-f-at-dalkia-4315227922?position=37&pageNum=0&refId=9av7udYtYxpZbUKIxF1mBQ%3D%3D&trackingId=HlPcIEK%2Ba50x9poNXOupag%3D%3D,il y a 1Â jour,Recrutement actif
DATA ENGINEER,RED TIC,Paris,https://fr.linkedin.com/jobs/view/data-engineer-at-red-tic-4310810481?position=38&pageNum=0&refId=9av7udYtYxpZbUKIxF1mBQ%3D%3D&trackingId=GJF%2BZo4lVcsOlrwsMpgnaw%3D%3D,il y a 1Â semaine,Recrutement actif
EXPERT DATA ANALYST,RED TIC,Paris,https://fr.linkedin.com/jobs/view/expert-data-analyst-at-red-tic-4310814368?position=39&pageNum=0&refId=9av7udYtYxpZbUKIxF1mBQ%3D%3D&trackingId=fv2Cp9uCjkrf1XMuyt75SA%3D%3D,il y a 1Â semaine,Recrutement actif
Data Analyst,AXA,Paris,https://fr.linkedin.com/jobs/view/data-analyst-at-axa-4314404094?position=40&pageNum=0&refId=9av7udYtYxpZbUKIxF1mBQ%3D%3D&trackingId=mxR3FFToRVo%2FCh%2BKY13P4Q%3D%3D,il y a 4Â jours,Recrutement actif
Consultant Data (H/F),Magellan Partners,Toulouse,https://fr.linkedin.com/jobs/view/consultant-data-h-f-at-magellan-partners-4288834977?position=41&pageNum=0&refId=9av7udYtYxpZbUKIxF1mBQ%3D%3D&trackingId=1CX9UQaeB4bIx%2FBk1h39uQ%3D%3D,il y a 1Â mois,
Data Analyst F/H,ARMOR LUX,Quimper,https://fr.linkedin.com/jobs/view/data-analyst-f-h-at-armor-lux-4277224494?position=42&pageNum=0&refId=9av7udYtYxpZbUKIxF1mBQ%3D%3D&trackingId=VU2sPrfIqy%2FT9q%2FWwzvbJQ%3D%3D,il y a 2Â mois,
Data Analyst - Industrie F/H,OET,Betton,https://fr.linkedin.com/jobs/view/data-analyst-industrie-f-h-at-oet-4310187746?position=43&pageNum=0&refId=9av7udYtYxpZbUKIxF1mBQ%3D%3D&trackingId=t6Wr0ryg2uNWE5sp8cLBIQ%3D%3D,il y a 2Â semaines,
Data Analyst,Datatorii,Paris et pÃ©riphÃ©rie,https://fr.linkedin.com/jobs/view/data-analyst-at-datatorii-4310204009?position=44&pageNum=0&refId=9av7udYtYxpZbUKIxF1mBQ%3D%3D&trackingId=ZhcZiF7PJlD%2BF5kwwjUFqw%3D%3D,il y a 1Â semaine,Recrutement actif
Data Analyst Intern,Joko,Paris,https://fr.linkedin.com/jobs/view/data-analyst-intern-at-joko-4311158799?position=45&pageNum=0&refId=9av7udYtYxpZbUKIxF1mBQ%3D%3D&trackingId=TXRlduyBf2oW3jmrGtcrCg%3D%3D,il y a 1Â semaine,
R&D Data Scientist - CDI,Descartes Underwriting,Paris,https://fr.linkedin.com/jobs/view/r-d-data-scientist-cdi-at-descartes-underwriting-4304081206?position=46&pageNum=0&refId=9av7udYtYxpZbUKIxF1mBQ%3D%3D&trackingId=o2dB4Dofn1%2B7GgbiTG%2BNFA%3D%3D,il y a 3Â semaines,Recrutement actif
Data Analyst,AXA,Paris,https://fr.linkedin.com/jobs/view/data-analyst-at-axa-4314199356?position=47&pageNum=0&refId=9av7udYtYxpZbUKIxF1mBQ%3D%3D&trackingId=mpqmpH0E4jlcbCrOUbRDgw%3D%3D,il y a 4Â jours,Recrutement actif
EMAT Data Analyst,PIPECARE Group,France,https://fr.linkedin.com/jobs/view/emat-data-analyst-at-pipecare-group-4278576975?position=48&pageNum=0&refId=9av7udYtYxpZbUKIxF1mBQ%3D%3D&trackingId=6X7ABnfPnTmh%2F%2FoVJguBZw%3D%3D,il y a 2Â mois,Recrutement actif
Stage - Data Scientist - ML (H/F),Withings,Issy-les-Moulineaux,https://fr.linkedin.com/jobs/view/stage-data-scientist-ml-h-f-at-withings-4305991144?position=49&pageNum=0&refId=9av7udYtYxpZbUKIxF1mBQ%3D%3D&trackingId=5JQ5AXc14hmf%2F5k9fh9ABg%3D%3D,il y a 3Â semaines,Soyez un des premiers candidats
Data Science Consultant Intern (H/F),fifty-five,Paris,https://fr.linkedin.com/jobs/view/data-science-consultant-intern-h-f-at-fifty-five-4316347258?position=50&pageNum=0&refId=9av7udYtYxpZbUKIxF1mBQ%3D%3D&trackingId=KzCg9DB%2Blaj3MWJgz%2BYxLw%3D%3D,il y a 3Â semaines,Soyez un des premiers candidats
DATA ANALYST â€“ TEMPS PLEIN H/F,POK SAS,Salignac,https://fr.linkedin.com/jobs/view/data-analyst-%E2%80%93-temps-plein-h-f-at-pok-sas-4310726985?position=51&pageNum=0&refId=9av7udYtYxpZbUKIxF1mBQ%3D%3D&trackingId=G6qFR9L2Bb4gBluBg%2FqBOg%3D%3D,il y a 1Â semaine,
Data Analyst Power BI,WHIZE,Neuilly-sur-Seine,https://fr.linkedin.com/jobs/view/data-analyst-power-bi-at-whize-4316355120?position=52&pageNum=0&refId=9av7udYtYxpZbUKIxF1mBQ%3D%3D&trackingId=t6HDZxZfl3iP9pLsANIvJw%3D%3D,,Recrutement actif
Finance Analyst - Internship,Homa,Paris,https://fr.linkedin.com/jobs/view/finance-analyst-internship-at-homa-4299118785?position=53&pageNum=0&refId=9av7udYtYxpZbUKIxF1mBQ%3D%3D&trackingId=TGrxYc4TjUcBEu7lksmvNA%3D%3D,il y a 2Â mois,Soyez un des premiers candidats
Stage - Data Analysis,Stellantis,Poissy,https://fr.linkedin.com/jobs/view/stage-data-analysis-at-stellantis-4153856226?position=54&pageNum=0&refId=9av7udYtYxpZbUKIxF1mBQ%3D%3D&trackingId=HBWSGnYAuA%2BdsqhVpy6mrA%3D%3D,il y a 2Â semaines,Recrutement actif
Data Analyst | CDI | H/F,Eulidia,Paris et pÃ©riphÃ©rie,https://fr.linkedin.com/jobs/view/data-analyst-cdi-h-f-at-eulidia-4302953939?position=55&pageNum=0&refId=9av7udYtYxpZbUKIxF1mBQ%3D%3D&trackingId=%2FGlWYjeKGb1bn4zLP9cqpg%3D%3D,il y a 3Â semaines,Recrutement actif
DATA SCRAPER,Meds Nexus Pvt. Ltd.,Cahors,https://fr.linkedin.com/jobs/view/data-scraper-at-meds-nexus-pvt-ltd-4074576519?position=56&pageNum=0&refId=9av7udYtYxpZbUKIxF1mBQ%3D%3D&trackingId=lafx9q0fzopaCF1ulwy02Q%3D%3D,il y a 11Â mois,
Sales Support Executive,Malaysia Airlines,Ville de Paris,https://fr.linkedin.com/jobs/view/sales-support-executive-at-malaysia-airlines-4302637527?position=57&pageNum=0&refId=9av7udYtYxpZbUKIxF1mBQ%3D%3D&trackingId=pjxL%2BaMONHVAtLB5N7wLpQ%3D%3D,il y a 2Â semaines,
Data Analyst H/F,CAPFI,Paris,https://fr.linkedin.com/jobs/view/data-analyst-h-f-at-capfi-groupe-4173938496?position=58&pageNum=0&refId=9av7udYtYxpZbUKIxF1mBQ%3D%3D&trackingId=4V8sLrC4U3egTXP5V9Ej9A%3D%3D,il y a 7Â mois,
Chef de publicitÃ© digital - TF1 PUB H/F,Groupe TF1,Boulogne-Billancourt,https://fr.linkedin.com/jobs/view/chef-de-publicit%C3%A9-digital-tf1-pub-h-f-at-groupe-tf1-4313244365?position=59&pageNum=0&refId=9av7udYtYxpZbUKIxF1mBQ%3D%3D&trackingId=QGzl%2BGNz7Bpm%2BhI5cSkl9Q%3D%3D,il y a 1Â semaine,Recrutement actif
Data Analyst,Apside Suisse ðŸš€,Sophia Antipolis,https://fr.linkedin.com/jobs/view/data-analyst-at-apside-switzerland-4138347582?position=60&pageNum=0&refId=9av7udYtYxpZbUKIxF1mBQ%3D%3D&trackingId=eSQ61%2FC%2Ft%2FXP4xmTsGRNCw%3D%3D,il y a 8Â mois,Recrutement actif
